Workbook

Sheet Инд задание 
A1: Задание по лабораторной работе 1. Обучение школьника при подготовке к ЕГЭ (условный пример школьника и предмета)
K2: Номер варианта заданий и значение Альфа
K3: № вар | L3: ФИО магист гр. 4.606М-3 | M3: Альфа | N3: ФИО маг г.4.606Мз-3 | O3: Альфа
K4: 1 | L4: Азиззода Сафарали (Т) | M4: 0.824 | N4: Абрамян Нина | O4: 0.944
K5: 2 | L5: Булачкова Юлианна | M5: 0.809 | N5: Адаев Дмитрий | O5: 0.88
K6: 3 | L6: Гаврилов Егор (К) | M6: 0.935 | N6: Бенчак Олег (К) (МФ) | O6: 0.922
K7: 4 | L7: Гайдай Андрей | M7: 0.884 | N7: Вдовин Руслан | O7: 0.921
K8: 5 | L8: Ганибаев Равиль (К) | M8: 0.961 | N8: Волков Федор | O8: 0.83
K9: 6 | L9: Граубергер Александр | M9: 0.854 | N9: Клевцов Артём | O9: 0.862
K10: 7 | L10: Ерофеев Тимур | M10: 0.818 | N10: Лакпа Темир | O10: 0.924
A11: Рассматриваем 2-х этапную модель динамики конкретного ученика. | K11: 8 | L11: Жидков Григорий | M11: 0.867 | N11: Манаков Матвей | O11: 0.829
A12: Смотрим описание модели в файле ворд в папке. | K12: 9 | L12: Коваленко Алексей | M12: 0.939 | N12: Рысин Павел | O12: 0.853
A13: Настройки и задания приведены на каждом листе этой программы | K13: 10 | L13: Козлов Леонид | M13: 0.932 | N13: Сальникова Ксения | O13: 0.82
A14: Переименовать файл: Группа-ЕГЭ-Фамилия | K14: 11 | L14: Колупаев Александр | M14: 0.957 | N14: Сизинцева Юлия | O14: 0.904
A15: Переслать файл на проверку | D15: osk46@mail,ru | K15: 12 | L15: Кондратенко Иван | M15: 0.86 | N15: Сиялов Илья | O15: 0.902
K16: 13 | L16: Кузнецов Максим | M16: 0.829 | N16: Черевкова Алёна (МФ) | O16: 0.855
K17: 14 | L17: Кузяков Сергей | M17: 0.872
K18: 15 | L18: Лысенко Никита | M18: 0.868
K19: 16 | L19: Лян Вэньхао (К) | M19: 0.962
K20: 17 | L20: Меньшиков Сергей | M20: 0.962
K21: 18 | L21: Сопов Никита | M21: 0.916
K22: 19 | L22: Стеганцев Дмитрий | M22: 0.881
K23: 20 | L23: Тихомирова Злата | M23: 0.957
K24: 21 | L24: Чечулин Николай | M24: 0.923
K25: 22 | L25: Языков Ярослав | M25: 0.943

Sheet Настройка параметров
A1: Компьютерная модель обучения ученика
A3: УЕВ t | B3: Параметры процесса | E3: Расчетные формулы
E4: 41 | F4: Оценки-1 | G4: Оценки-2
A5: 1 | B5: 16 | C5: 8 | D5: =E5+10*(0.5-RAND()) -> 48.33499 | E5: =E4*$A$16+C5*$B$16+B5*$C$16 -> 47.075289 | F5: =ROUND(D5,0) -> 48 | G5: 49 | I5: Настройка своего варианта
A6: 2 | B6: 16 | C6: 8 | D6: =E6+10*(0.5-RAND()) -> 49.148139 | E6: =E5*$A$16+C6*$B$16+B6*$C$16 -> 52.670629 | F6: =ROUND(D6,0) -> 49 | G6: 55 | I6: 1. В строку 16 вставить свое значение Альфа.
A7: 3 | B7: 14 | C7: 10 | D7: =E7+10*(0.5-RAND()) -> 58.846172 | E7: =E6*$A$16+C7*$B$16+B7*$C$16 -> 58.406081 | F7: =ROUND(D7,0) -> 59 | G7: 62 | I7: 2. Поиском решения найти Гамма, которое обеспечит переход оценки школьника с 41 до 88 баллов ЕГЭ.
A8: 4 | B8: 10 | C8: 14 | D8: =E8+10*(0.5-RAND()) -> 64.45572 | E8: =E7*$A$16+C8*$B$16+B8*$C$16 -> 64.852719 | F8: =ROUND(D8,0) -> 64 | G8: 63
A9: 5 | B9: 8 | C9: 16 | D9: =E9+10*(0.5-RAND()) -> 69.689464 | E9: =E8*$A$16+C9*$B$16+B9*$C$16 -> 71.372215 | F9: =ROUND(D9,0) -> 70 | G9: 71 | I9: 3. Скопировать числа оценки-1 в столбце F в стобец G.
A10: 6 | B10: 8 | C10: 16 | D10: =E10+10*(0.5-RAND()) -> 73.149605 | E10: =E9*$A$16+C10*$B$16+B10*$C$16 -> 77.376671 | F10: =ROUND(D10,0) -> 73 | G10: 80 | I10: При ошибках начать расчеты в исходной программе
A11: 7 | B11: 8 | C11: 16 | D11: =E11+10*(0.5-RAND()) -> 86.120912 | E11: =E10*$A$16+C11*$B$16+B11*$C$16 -> 82.906774 | F11: =ROUND(D11,0) -> 86 | G11: 80
A12: 8 | B12: 8 | C12: 16 | D12: =E12+10*(0.5-RAND()) -> 89.383785 | E12: =E11*$A$16+C12*$B$16+B12*$C$16 -> 88 | F12: =ROUND(D12,0) -> 89 | G12: 89
B13: =SUM(B5:B12) -> 88 | C13: =SUM(C5:C12) -> 104 | E13: 88
E14: =E12-E13 -> 0
A15: Алфа | B15: Бетта | C15: Гамма
A16: 0.921 | B16: =2*C16 -> 0.58214304 | C16: 0.29107152
A18: Задание по настройке истинных параметров условного школьника:
A19: 1. Указать начальный уровень обученности ученика: | G19: 41
A20: 2. Указать заданный финальный уровень обученности | G20: 88
A21: 3. Указать продолжительность единичного периода обучения (УЕВ t) | H21: 1 | I21: НЕДЕЛЯ
A22: 4. Верно ли утверждение: для школьника выше эффект практики (да, нет) | I22: да
A23: 5. Укажите общее число часов учебных занятий (практика+лекции) | I23: =SUM(B13:C13) -> 192 | J23: часов

Sheet Динамика обуч-ЭТАП 1
A1: Оценки индивидуальной динамики ученика | N1: Графики расчетной (Ряд 2) и наблюдаемой (Ряд 1) динамик ученика
A3: УЕВ t | B3: Параметры ученика 1 | E3: Расчет | F3: Е(t) | G3: Е*Е
E4: 41
A5: 1 | B5: 16 | C5: 8 | D5: ='Настройка параметров'!G5 -> 49 | E5: =E4*$A$15+C5*$B$15+B5*$C$15 -> 47.674169 | F5: =D5-E5 -> 1.3258311 | G5: =F5*F5 -> 1.7578282 | J5: =A5 -> 1 | K5: =D5 -> 49 | L5: =E5 -> 47.674169
A6: 2 | B6: 16 | C6: 8 | D6: ='Настройка параметров'!G6 -> 55 | E6: =E5*$A$15+C6*$B$15+B6*$C$15 -> 54.148113 | F6: =D6-E6 -> 0.85188731 | G6: =F6*F6 -> 0.725712 | J6: =A6 -> 2 | K6: =D6 -> 55 | L6: =E6 -> 54.148113
A7: 3 | B7: 14 | C7: 10 | D7: ='Настройка параметров'!G7 -> 62 | E7: =E6*$A$15+C7*$B$15+B7*$C$15 -> 60.351497 | F7: =D7-E7 -> 1.6485032 | G7: =F7*F7 -> 2.7175628 | J7: =A7 -> 3 | K7: =D7 -> 62 | L7: =E7 -> 60.351497
A8: 4 | B8: 10 | C8: 14 | D8: ='Настройка параметров'!G8 -> 63 | E8: =E7*$A$15+C8*$B$15+B8*$C$15 -> 66.216097 | F8: =D8-E8 -> -3.2160966 | G8: =F8*F8 -> 10.343277 | J8: =A8 -> 4 | K8: =D8 -> 63 | L8: =E8 -> 66.216097
A9: 5 | B9: 8 | C9: 16 | D9: ='Настройка параметров'!G9 -> 71 | E9: =E8*$A$15+C9*$B$15+B9*$C$15 -> 71.828417 | F9: =D9-E9 -> -0.828417 | G9: =F9*F9 -> 0.68627473 | J9: =A9 -> 5 | K9: =D9 -> 71 | L9: =E9 -> 71.828417
A10: 6 | B10: 8 | C10: 16 | D10: ='Настройка параметров'!G10 -> 80 | E10: =E9*$A$15+C10*$B$15+B10*$C$15 -> 77.272368 | F10: =D10-E10 -> 2.7276322 | G10: =F10*F10 -> 7.4399774 | J10: =A10 -> 6 | K10: =D10 -> 80 | L10: =E10 -> 77.272368
A11: 7 | B11: 8 | C11: 16 | D11: ='Настройка параметров'!G11 -> 80 | E11: =E10*$A$15+C11*$B$15+B11*$C$15 -> 82.553 | F11: =D11-E11 -> -2.5530001 | G11: =F11*F11 -> 6.5178094 | J11: =A11 -> 7 | K11: =D11 -> 80 | L11: =E11 -> 82.553
A12: 8 | B12: 8 | C12: 16 | D12: ='Настройка параметров'!G12 -> 89 | E12: =E11*$A$15+C12*$B$15+B12*$C$15 -> 87.675213 | F12: =D12-E12 -> 1.3247866 | G12: =F12*F12 -> 1.7550596 | J12: =A12 -> 8 | K12: =D12 -> 89 | L12: =E12 -> 87.675213
F13: =AVERAGE(F5:F12) -> 0.16014085 | G13: =AVERAGE(G5:G12) -> 3.9929377
A14: Алфа | B14: Бетта | C14: Гамма
A15: 0.97 | B15: 0.30389324 | C15: 0.34206394 | E15: Дисперсия X(t) | G15: =_xlfn.VAR.S(D5:D12) -> 189.41071
A16: 0.8 | E16: Дисперсия Е(t) | G16: =_xlfn.VAR.S(F5:F12) -> 4.5340487
A17: 0.97 | E17: R2= | G17: =1-G16/G15 -> 0.97606234
A19: Задание.
A20: 1. Провести расчет динамики обученности инструментом "Поиск решения"
A21: 2. Указать начальный уровень обученности ученика: | G21: 41
A22: 3. Указать финальный истинный уровень обученности | G22: 87.675213
A23: 4. Указать финальный оценочный уровень обученности | G23: 89
A24: 5. Работоспособна ли регресионная модель (да, нет) | G24: да

Sheet Динамика обуч-ЭТАП-2 
A1: Оценки индивидуальной динамики ученика
A3: Альфа | B3: ='Динамика обуч-ЭТАП 1'!A15 -> 0.97 | C3: Бета | D3: ='Динамика обуч-ЭТАП 1'!B15 -> 0.30389324 | E3: Гамма | F3: ='Динамика обуч-ЭТАП 1'!C15 -> 0.34206394
A5: Стабилизация динамики ученика 2. Этап 2 моделирования
A6: Нач. уровень | C6: Уровень стаб. | G6: Расчет уровня
A7: ='Настройка параметров'!G12 -> 89 | C7: =A7 -> 89 | E7: 4 | F7: 4.2519158 | G7: =A7*B3+D3*E7+F3*F7 -> 89
G8: Оптимум
B9: ТРЕБОВАНИЕ НЕ МЕНЬШЕ | E9: 4 | F9: 4 | G9: =E7+F7 -> 8.2519158
A11: Задание по выполненным расчетам.
A12: 1. Инструментом "Поиск решения" найти оптимум учебных занятий в неделю.
A13: 2. Описать полученный результат для достижения стабильности:
A14: Сколько нужно часов на практику | E14: 4
A15: Сколько часов на теорию, в том числе путем "думать все время": | H15: 4.25
A16: Достигрута ли стабильность знаний до экзамена (да, нет): | G16: да
A17: Реальный ли результат (да, нет, сомневаюсь): | G17: да
