Workbook

Sheet Инд задание 
B1: Задание по лабораторной работе 5 ФТА работников
B2: Номера вариантов индивидуальных заданий
A3: № вар | B3: ФИО магист гр. 4.506Мз-3 | D3: № вар | E3: ФИО магист гр. 4.506М-3
A4: 23 | B4: Абрамян Нина | D4: 1 | E4: Азиззода Сафарали (Т)
A5: 24 | B5: Адаев Дмитрий | D5: 2 | E5: Булачкова Юлианна
A6: 25 | B6: Бенчак Олег (К) (МФ) | D6: 3 | E6: Гаврилов Егор (К)
A7: 26 | B7: Вдовин Руслан | D7: 4 | E7: Гайдай Андрей
A8: 27 | B8: Волков Федор | D8: 5 | E8: Ганибаев Равиль (К)
A9: 28 | B9: Клевцов Артём | D9: 6 | E9: Граубергер Александр
A10: 29 | B10: Лакпа Темир | D10: 7 | E10: Ерофеев Тимур
A11: 30 | B11: Манаков Матвей | D11: 8 | E11: Жидков Григорий
A12: 31 | B12: Рысин Павел | D12: 9 | E12: Коваленко Алексей
A13: 32 | B13: Сальникова Ксения | D13: 10 | E13: Козлов Леонид
A14: 33 | B14: Сизинцева Юлия | D14: 11 | E14: Колупаев Александр
A15: 34 | B15: Сиялов Илья | D15: 12 | E15: Кондратенко Иван
A16: 35 | B16: Черевкова Алёна (МФ) | D16: 13 | E16: Кузнецов Максим
D17: 14 | E17: Кузяков Сергей
D18: 15 | E18: Лысенко Никита
D19: 16 | E19: Лян Вэньхао (К) | G19: Даннае таблиц 1-3 внести на лист 2 программы: Пример для вар 36 (3,4,4). Внести на лист 2
D20: 17 | E20: Меньшиков Сергей | G20: следующие данные: столбца 3 таблицы 1, столбца 4 таблицы 2 и столбцв 4 (70000) таблицы 3.
D21: 18 | E21: Сопов Никита
D22: 19 | E22: Стеганцев Дмитрий
D23: 20 | E23: Тихомирова Злата
D24: 21 | E24: Чечулин Николай
D25: 22 | E25: Языков Ярослав

Sheet Расчет активности
C1: Моделирование активности персонала фирмы
A3: Характеристика оборудования рабочего места | E3: Таблица 1 АР | H3: Значения активности и ЗПм | K3: Таблица 5
A4: № п/п | B4: Показатели | E4: Обознач | F4: Значение | H4: №п/п | I4: РЭн | J4: ФТАэ | K4: ЗПм
A5: 1 | B5: Предельная производительность, ЧНТ/час | E5: ЧПТАоб | F5: 1.2 | H5: 1 | I5: 0 | J5: 0 | K5: =($F$21/8)*J5*$F$28 -> 0
A6: 2 | B6: Период времени использования, час/сутки | E6: Тоб | F6: 18 | H6: 2 | I6: =ROUNDDOWN(2*$F$28*(H6-1)/30,2) -> 19.6 | J6: =MAX(0,$F$27*(1-($F$28*(1-$F$19)/(I6*$F$15)))) -> 0 | K6: =($F$21/8)*J6*$F$28 -> 0
A7: 3 | B7: Коэффициент использования оборудования, % | E7: КИоб | F7: 0.95 | H7: 3 | I7: =ROUNDDOWN(2*$F$28*(H7-1)/30,2) -> 39.21 | J7: =MAX(0,$F$27*(1-($F$28*(1-$F$19)/(I7*$F$15)))) -> 0 | K7: =($F$21/8)*J7*$F$28 -> 0
H8: 4 | I8: =ROUNDDOWN(2*$F$28*(H8-1)/30,2) -> 58.82 | J8: =MAX(0,$F$27*(1-($F$28*(1-$F$19)/(I8*$F$15)))) -> 0 | K8: =($F$21/8)*J8*$F$28 -> 0
H9: 5 | I9: =ROUNDDOWN(2*$F$28*(H9-1)/30,2) -> 78.43 | J9: =MAX(0,$F$27*(1-($F$28*(1-$F$19)/(I9*$F$15)))) -> 0 | K9: =($F$21/8)*J9*$F$28 -> 0
B10: Трудовая характеристика сотрудника | E10: Таблица 2 АР | H10: 6 | I10: =ROUNDDOWN(2*$F$28*(H10-1)/30,2) -> 98.03 | J10: =MAX(0,$F$27*(1-($F$28*(1-$F$19)/(I10*$F$15)))) -> 0 | K10: =($F$21/8)*J10*$F$28 -> 0
A11: № п/п | B11: Показатели | E11: Обознач | F11: Значение | H11: 7 | I11: =ROUNDDOWN(2*$F$28*(H11-1)/30,2) -> 117.64 | J11: =MAX(0,$F$27*(1-($F$28*(1-$F$19)/(I11*$F$15)))) -> 1.016941 | K11: =($F$21/8)*J11*$F$28 -> 6355.8814
A12: 1 | B12: Продолжительность рабочего дня, час | E12: Тр | F12: 9.5 | H12: 8 | I12: =ROUNDDOWN(2*$F$28*(H12-1)/30,2) -> 137.25 | J12: =MAX(0,$F$27*(1-($F$28*(1-$F$19)/(I12*$F$15)))) -> 3.1985122 | K12: =($F$21/8)*J12*$F$28 -> 19990.701
A13: 2 | B13: Коэффициент интенсивности труда | E13: КИр | F13: 1 | H13: 9 | I13: =ROUNDDOWN(2*$F$28*(H13-1)/30,2) -> 156.86 | J13: =MAX(0,$F$27*(1-($F$28*(1-$F$19)/(I13*$F$15)))) -> 4.834621 | K13: =($F$21/8)*J13*$F$28 -> 30216.381
A14: 3 | B14: Коэффициент квалификации | E14: Ккв | F14: 1.2 | H14: 10 | I14: =ROUNDDOWN(2*$F$28*(H14-1)/30,2) -> 176.47 | J14: =MAX(0,$F$27*(1-($F$28*(1-$F$19)/(I14*$F$15)))) -> 6.1071089 | K14: =($F$21/8)*J14*$F$28 -> 38169.431
A15: 4 | B15: Валентность работника | E15: Вр | F15: 0.8 | H15: 11 | I15: =ROUNDDOWN(2*$F$28*(H15-1)/30,2) -> 196.07 | J15: =MAX(0,$F$27*(1-($F$28*(1-$F$19)/(I15*$F$15)))) -> 7.1246061 | K15: =($F$21/8)*J15*$F$28 -> 44528.788
H16: 12 | I16: =ROUNDDOWN(2*$F$28*(H16-1)/30,2) -> 215.68 | J16: =MAX(0,$F$27*(1-($F$28*(1-$F$19)/(I16*$F$15)))) -> 7.9575499 | K16: =($F$21/8)*J16*$F$28 -> 49734.687
B17: Характеристика локального рынка труда | E17: Таблица 3 АР | H17: 13 | I17: =ROUNDDOWN(2*$F$28*(H17-1)/30,2) -> 235.29 | J17: =MAX(0,$F$27*(1-($F$28*(1-$F$19)/(I17*$F$15)))) -> 8.6516521 | K17: =($F$21/8)*J17*$F$28 -> 54072.826
A18: № п/п | B18: Показатели для данной профессии | E18: Обознач | F18: Значение | H18: 14 | I18: =ROUNDDOWN(2*$F$28*(H18-1)/30,2) -> 254.9 | J18: =MAX(0,$F$27*(1-($F$28*(1-$F$19)/(I18*$F$15)))) -> 9.2389568 | K18: =($F$21/8)*J18*$F$28 -> 57743.48
A19: 1 | B19: Средний коэффициент интенсивности труда | E19: Альфа | F19: 0.7 | H19: 15 | I19: =ROUNDDOWN(2*$F$28*(H19-1)/30,2) -> 274.5 | J19: =MAX(0,$F$27*(1-($F$28*(1-$F$19)/(I19*$F$15)))) -> 9.7421132 | K19: =($F$21/8)*J19*$F$28 -> 60888.208
A20: 2 | B20: Среднемесячная заработная плата, руб | E20: ЗПн | F20: 50000 | H20: 16 | I20: =ROUNDDOWN(2*$F$28*(H20-1)/30,2) -> 294.11 | J20: =MAX(0,$F$27*(1-($F$28*(1-$F$19)/(I20*$F$15)))) -> 10.178413 | K20: =($F$21/8)*J20*$F$28 -> 63615.079
A21: 3 | B21: Среднемесячное число рабочих часов, час | E21: Тмес | F21: 170 | H21: 17 | I21: =ROUNDDOWN(2*$F$28*(H21-1)/30,2) -> 313.72 | J21: =MAX(0,$F$27*(1-($F$28*(1-$F$19)/(I21*$F$15)))) -> 10.560168 | K21: =($F$21/8)*J21*$F$28 -> 66001.048
H22: 18 | I22: =ROUNDDOWN(2*$F$28*(H22-1)/30,2) -> 333.33 | J22: =MAX(0,$F$27*(1-($F$28*(1-$F$19)/(I22*$F$15)))) -> 10.897005 | K22: =($F$21/8)*J22*$F$28 -> 68106.281
B23: Расчетные показатели трудового процесса | E23: Таблица 4 АР | H23: 19 | I23: =ROUNDDOWN(2*$F$28*(H23-1)/30,2) -> 352.94 | J23: =MAX(0,$F$27*(1-($F$28*(1-$F$19)/(I23*$F$15)))) -> 11.196412 | K23: =($F$21/8)*J23*$F$28 -> 69977.573
A24: № п/п | B24: Наименование показателей | E24: Обознач | F24: Значение | H24: 20 | I24: =ROUNDDOWN(2*$F$28*(H24-1)/30,2) -> 372.54 | J24: =MAX(0,$F$27*(1-($F$28*(1-$F$19)/(I24*$F$15)))) -> 11.464169 | K24: =($F$21/8)*J24*$F$28 -> 71651.056
A25: 1 | B25: Потенциал трудовой активности работника | E25: ПТАр | F25: =F12*F13*F14/F19 -> 16.285714 | H25: 21 | I25: =ROUNDDOWN(2*$F$28*(H25-1)/30,2) -> 392.15 | J25: =MAX(0,$F$27*(1-($F$28*(1-$F$19)/(I25*$F$15)))) -> 11.705277 | K25: =($F$21/8)*J25*$F$28 -> 73157.981
A26: 2 | B26: Сменная производительность оборудования | E26: ПТАоб | F26: =F5*F6*F7 -> 20.52 | H26: 22 | I26: =ROUNDDOWN(2*$F$28*(H26-1)/30,2) -> 411.76 | J26: =MAX(0,$F$27*(1-($F$28*(1-$F$19)/(I26*$F$15)))) -> 11.92342 | K26: =($F$21/8)*J26*$F$28 -> 74521.372
A27: 3 | B27: Потенциал трудовой активности рабочего места | E27: ПТА | F27: =MIN(F25:F26) -> 16.285714 | H27: 23 | I27: =ROUNDDOWN(2*$F$28*(H27-1)/30,2) -> 431.37 | J27: =MAX(0,$F$27*(1-($F$28*(1-$F$19)/(I27*$F$15)))) -> 12.121729 | K27: =($F$21/8)*J27*$F$28 -> 75760.804
A28: 4 | B28: Расценка среднерыночная, руб/ЧНТ | E28: Рн | F28: =F20/(F21) -> 294.11765 | H28: 24 | I28: =ROUNDDOWN(2*$F$28*(H28-1)/30,2) -> 450.98 | J28: =MAX(0,$F$27*(1-($F$28*(1-$F$19)/(I28*$F$15)))) -> 12.302792 | K28: =($F$21/8)*J28*$F$28 -> 76892.447
A29: 5 | B29: Нормативная трудовая активность работника, ЧНТ | E29: ФТАн | F29: =F27*F19 -> 11.4 | H29: 25 | I29: =ROUNDDOWN(2*$F$28*(H29-1)/30,2) -> 470.58 | J29: =MAX(0,$F$27*(1-($F$28*(1-$F$19)/(I29*$F$15)))) -> 12.468683 | K29: =($F$21/8)*J29*$F$28 -> 77929.27
A30: 6 | B30: Эффективная расценка (учет валентности), руб/ЧНТ | E30: РЭн | F30: =F28*F15 -> 235.29412 | H30: 26 | I30: =ROUNDDOWN(2*$F$28*(H30-1)/30,2) -> 490.19 | J30: =MAX(0,$F$27*(1-($F$28*(1-$F$19)/(I30*$F$15)))) -> 12.621383 | K30: =($F$21/8)*J30*$F$28 -> 78883.645
A31: 7 | B31: Коэффициент трудозатрат (логарифмический) | E31: ДЕЛ | F31: =F27*F28*(1-F19) -> 1436.9748 | H31: 27 | I31: =ROUNDDOWN(2*$F$28*(H31-1)/30,2) -> 509.8 | J31: =MAX(0,$F$27*(1-($F$28*(1-$F$19)/(I31*$F$15)))) -> 12.762336 | K31: =($F$21/8)*J31*$F$28 -> 79764.597
A32: 8 | B32: Эффективная трудовая активность работника, ЧНТ | E32: ФТАэ | F32: =MAX(0,$F$27*(1-($F$28*(1-$F$19)/(F30*$F$15)))) -> 8.6517857 | H32: 28 | I32: =ROUNDDOWN(2*$F$28*(H32-1)/30,2) -> 529.41 | J32: =MAX(0,$F$27*(1-($F$28*(1-$F$19)/(I32*$F$15)))) -> 12.892846 | K32: =($F$21/8)*J32*$F$28 -> 80580.286
A33: 9 | B33: Оценка месячной заработной платы (норма), руб | E33: ЗПм | F33: =($F$21/8)*F32*F28 -> 54073.661 | H33: 29 | I33: =ROUNDDOWN(2*$F$28*(H33-1)/30,2) -> 549.01 | J33: =MAX(0,$F$27*(1-($F$28*(1-$F$19)/(I33*$F$15)))) -> 13.013973 | K33: =($F$21/8)*J33*$F$28 -> 81337.333
A34: 10 | B34: Отношение работник/среднерыночный работник | E34: ОТНрс | F34: =F33/F20 -> 1.0814732 | H34: 30 | I34: =ROUNDDOWN(2*$F$28*(H34-1)/30,2) -> 568.62 | J34: =MAX(0,$F$27*(1-($F$28*(1-$F$19)/(I34*$F$15)))) -> 13.126806 | K34: =($F$21/8)*J34*$F$28 -> 82042.537

Sheet Диаграмма активности
A1: Ось Х, р - расценка | B1: Активность, ФТА | C1: ПТА | D1: ЗПм
A2: 0 | B2: 0 | C2: ='Расчет активности'!$F$27 -> 16.285714 | D2: 0
A3: ='Расчет активности'!I7 -> 39.21 | B3: ='Расчет активности'!J7 -> 0 | C3: ='Расчет активности'!$F$27 -> 16.285714 | D3: ='Расчет активности'!K7 -> 0
A4: ='Расчет активности'!I9 -> 78.43 | B4: ='Расчет активности'!J9 -> 0 | C4: ='Расчет активности'!$F$27 -> 16.285714 | D4: ='Расчет активности'!K9 -> 0
A5: ='Расчет активности'!I11 -> 117.64 | B5: ='Расчет активности'!J11 -> 1.016941 | C5: ='Расчет активности'!$F$27 -> 16.285714 | D5: ='Расчет активности'!K11 -> 6355.8814
A6: ='Расчет активности'!I13 -> 156.86 | B6: ='Расчет активности'!J13 -> 4.834621 | C6: ='Расчет активности'!$F$27 -> 16.285714 | D6: ='Расчет активности'!K13 -> 30216.381
A7: ='Расчет активности'!I15 -> 196.07 | B7: ='Расчет активности'!J15 -> 7.1246061 | C7: ='Расчет активности'!$F$27 -> 16.285714 | D7: ='Расчет активности'!K15 -> 44528.788
A8: ='Расчет активности'!I17 -> 235.29 | B8: ='Расчет активности'!J17 -> 8.6516521 | C8: ='Расчет активности'!$F$27 -> 16.285714 | D8: ='Расчет активности'!K17 -> 54072.826
A9: ='Расчет активности'!I19 -> 274.5 | B9: ='Расчет активности'!J19 -> 9.7421132 | C9: ='Расчет активности'!$F$27 -> 16.285714 | D9: ='Расчет активности'!K19 -> 60888.208
A10: ='Расчет активности'!I21 -> 313.72 | B10: ='Расчет активности'!J21 -> 10.560168 | C10: ='Расчет активности'!$F$27 -> 16.285714 | D10: ='Расчет активности'!K21 -> 66001.048
A11: ='Расчет активности'!I23 -> 352.94 | B11: ='Расчет активности'!J23 -> 11.196412 | C11: ='Расчет активности'!$F$27 -> 16.285714 | D11: ='Расчет активности'!K23 -> 69977.573
A12: ='Расчет активности'!I25 -> 392.15 | B12: ='Расчет активности'!J25 -> 11.705277 | C12: ='Расчет активности'!$F$27 -> 16.285714 | D12: ='Расчет активности'!K25 -> 73157.981
A13: ='Расчет активности'!I27 -> 431.37 | B13: ='Расчет активности'!J27 -> 12.121729 | C13: ='Расчет активности'!$F$27 -> 16.285714 | D13: ='Расчет активности'!K27 -> 75760.804
A14: ='Расчет активности'!I29 -> 470.58 | B14: ='Расчет активности'!J29 -> 12.468683 | C14: ='Расчет активности'!$F$27 -> 16.285714 | D14: ='Расчет активности'!K29 -> 77929.27
A15: ='Расчет активности'!I31 -> 509.8 | B15: ='Расчет активности'!J31 -> 12.762336 | C15: ='Расчет активности'!$F$27 -> 16.285714 | D15: ='Расчет активности'!K31 -> 79764.597
A16: ='Расчет активности'!I33 -> 549.01 | B16: ='Расчет активности'!J33 -> 13.013973 | C16: ='Расчет активности'!$F$27 -> 16.285714 | D16: ='Расчет активности'!K33 -> 81337.333
B31: Расчетные данные:
B32: А) Среднедневной активности (ФТА измеренное в ЧНТ) при оплате 1 ЧНТ равной 400 рублей
B33: При 400 руб по диаграмме находим ФТА в ЧНТ: | G33: ФТА= | H33: 11.7 | I33: ЧНТ
B35: Б) Требуемую оплату 1 ЧНТ для выполнения работником 10 ЧНТ в среднем за рабочий день
B36: По диаграмме находим, что 10 ЧНТ потребуют оплаты (расценки) равную: | I36: р= | J36: 314 | K36: руб.
B38: В) ЗПд и ЗПм по данным пп. А) и Б) (принять 20 рабочих дней в месяц) вычисляем по формуле (1) файла "Активность работ -ДО.doc"
B40: А) | C40: ЗПд= | D40: =H33*400 -> 4680 | E40: руб. | G40: ЗПм= | H40: =D40*20 -> 93600 | I40: руб.
B41: Б) | C41: ЗПд= | D41: =J36*10 -> 3140 | E41: руб. | G41: ЗПм= | H41: =D41*20 -> 62800 | I41: руб.
A43: Ответить на вопросы по теме "Математическое моделирование активности работников" (См. глоссарий и учебное пособие (УП) по курсу)
A44: Пункт Глосария | B44: Вопрос по основным понятиям | G44: Выделить фоном нужный ответ
A45: 1* | B45: Как обозначается фактическая трудовая активность? | G45: ПТА | H45: ФТА | I45: р | J45: рн | K45: ФТАн | L45: α | M45: ЧНТ
A46: 15 | B46: Как обозначается потенциал трудовой активности? | G46: ПТА | H46: ФТА | I46: р | J46: рн | K46: ФТАн | L46: α | M46: ЧНТ
A47: 19 | B47: Как обозначается часовая норма труда? | G47: ПТА | H47: ФТА | I47: р | J47: рн | K47: ФТАн | L47: α | M47: ЧНТ
A48: Стр. 17 УП | B48: Как обозначается расценка? | G48: ПТА | H48: ФТА | I48: р | J48: рн | K48: ФТАн | L48: α | M48: ЧНТ
A49: Стр. 18 УП | B49: Как обозначается расценка среднерыночная? | G49: ПТА | H49: ФТА | I49: р | J49: рн | K49: ФТАн | L49: α | M49: ЧНТ
A50: 13 | B50: Как обозначается норма трудовой активност? | G50: ПТА | H50: ФТА | I50: р | J50: рн | K50: ФТАн | L50: α | M50: ЧНТ
A51: 15 | B51: Как обозначается среднерыночная интенсивность труда на локальном рынке | G51: ПТА | H51: ФТА | I51: р | J51: рн | K51: ФТАн | L51: α | M51: ЧНТ
A52: 19 | B52: Показатель ЧНТ используется как | G52: мера интесивности труда работника | I52: мера объема выполненной работы | L52: мера квалификации работника
A53: 15 | B53: Показатель ПТА характеризует за рабочий день | G53: объем фактически выполненной работы | I53: средний объем работы, который может выполнить работник | L53: максимальный объем работы, который способен выполнить работник
A54: С. 17, 18 УП | B54: Построенный в данной расчетной работе график зависимости ФТА от расценки Р характеризует | G54: среднерыночного работника | I54: индивидуального работника на любом рынке труда | L54: индивидуального работника на локальном рынке труда
A55: Расчеты | B55: Ваш работник активнее среднерыночного на | G55: =('Расчет активности'!$F$34-1) -> 0.081473214 | I55: =0.6*('Расчет активности'!$F$34-1) -> 0.048883929 | L55: =1.2*('Расчет активности'!$F$34-1) -> 0.097767857
A56: 1* - номер показазателя в файле глоссария. | F56: Стр. 17 УП - номер страницы в файле учебного пособия.
